Trace number,FFID,Correction P,Correction S,Pick P,Pick S,Deformation sample,Density,P vel,S vel,YM sample,Total deformation,Total P vel,Total S vel,Total YM,Poissons ratio,CP
1,0,15.437025,30.213911,0.00002,0.000028,0,2628.5,0,0,nan,0.069844,3519.549316,2484.306885,65.348404,nan,10
2,1,15.437025,30.213911,0.00002,0.000028,0,2628.5,0,0,nan,0.069834,3527.856445,2490.321777,65.649384,nan,10
3,2,15.437025,30.213911,0.00002,0.000028,0,2628.5,0,0,nan,0.069824,3537.362061,2495.664063,66.074867,nan,10
4,3,15.437025,30.213911,0.00002,0.000028,0,2628.5,0,0,nan,0.069814,3548.365967,2502.466064,66.536705,nan,10
5,4,15.437025,30.213911,0.00002,0.000028,0,2628.5,0,0,nan,0.069804,3552.17627,2507.849854,66.538734,nan,10
6,5,15.437025,30.213911,0.00002,0.000028,0,2628.5,0,0,nan,0.069794,3558.914063,2511.823975,66.832466,nan,10
7,6,15.437025,30.213911,0.00002,0.000028,0,2628.5,0,0,nan,0.069784,3568.595703,2520.172119,67.116821,nan,10
8,7,15.437025,30.213911,0.00002,0.000028,0,2628.5,0,0,nan,0.069774,3569.539795,2524.914063,66.936546,nan,10
9,8,15.437025,30.213911,0.000019,0.000028,0,2628.5,0,0,nan,0.069764,3580.763184,2529.686523,67.526482,nan,10
10,9,15.437025,30.213911,0.000019,0.000027,0,2628.5,0,0,nan,0.069754,3590.55957,2537.413086,67.853615,nan,10
11,10,15.437025,30.213911,0.000019,0.000027,0,2628.5,0,0,nan,0.069744,3597.457764,2542.973389,68.078003,nan,10
12,11,15.437025,30.213911,0.000019,0.000027,0,2628.5,0,0,nan,0.069734,3599.909912,2549.299072,67.924309,nan,10
13,12,15.437025,30.213911,0.000019,0.000027,0,2628.5,0,0,nan,0.069724,3606.845459,2554.165527,68.188721,nan,10
14,13,15.437025,30.213911,0.000019,0.000027,0,2628.5,0,0,nan,0.069714,3613.79834,2562.052734,68.290977,nan,10
15,14,15.437025,30.213911,0.000019,0.000027,0,2628.5,0,0,nan,0.069704,3617.77832,2565.455078,68.409821,nan,10
16,15,15.437025,30.213911,0.000019,0.000027,0,2628.5,0,0,nan,0.069694,3624.795166,2568.876465,68.7603,nan,10
17,16,15.437025,30.213911,0.000019,0.000027,0,2628.5,0,0,nan,0.069684,3631.835938,2569.269043,69.277626,nan,10
18,17,15.437025,30.213911,0.000019,0.000027,0,2628.5,0,0,nan,0.069674,3640.421387,2570.416016,69.871559,nan,10
19,18,15.437025,30.213911,0.000019,0.000027,0,2628.5,0,0,nan,0.069664,3644.466309,2572.323242,70.077911,nan,10
20,19,15.437025,30.213911,0.000019,0.000027,0,2628.5,0,0,nan,0.069654,3654.650879,2573.474854,70.79332,nan,10
21,20,15.437025,30.213911,0.000019,0.000027,0.069722,2628.5,3664.387695,2576.760254,71.36097,0.069644,3660.279297,2573.871094,71.201057,0.010927,10
22,21,15.437025,30.213911,0.000019,0.000027,0.069715,2628.5,3668.653076,2578.793213,71.578438,0.069634,3664.37085,2575.783203,71.41143,0.011652,10
23,22,15.437025,30.213911,0.000019,0.000027,0.069708,2628.5,3674.481445,2579.303711,71.995682,0.069624,3670.035645,2576.183105,71.821564,0.014323,10
24,23,15.437025,30.213911,0.000019,0.000027,0.069702,2628.5,3680.321289,2582.868164,72.252922,0.069614,3675.695313,2579.621582,72.071396,0.014719,10
25,24,15.437025,30.213911,0.000019,0.000027,0.069695,2628.5,3686.196289,2584.918945,72.59301,0.069604,3681.393311,2581.551025,72.403954,0.016248,10
26,25,15.437025,30.213911,0.000019,0.000027,0.069688,2628.5,3687.398193,2586.202881,72.617134,0.069594,3682.416504,2582.70874,72.421059,0.015924,10
27,26,15.437025,30.213911,0.000019,0.000027,0.069681,2628.5,3691.734619,2588.260986,72.839828,0.069584,3686.575928,2584.644287,72.636398,0.016647,10
28,27,15.437025,30.213911,0.000019,0.000027,0.069675,2628.5,3697.641113,2588.007324,73.303795,0.069574,3692.298584,2584.267822,73.092133,0.019856,10
29,28,15.437025,30.213911,0.000019,0.000027,0.069668,2628.5,3703.582275,2585.458252,73.888588,0.069564,3698.062256,2581.604492,73.66851,0.024697,10
30,29,15.437025,30.213911,0.000019,0.000027,0.069661,2628.5,3706.363281,2585.198975,74.113258,0.069554,3700.677246,2581.23291,73.886032,0.026271,10
31,30,15.437025,30.213911,0.000019,0.000027,0.069654,2628.5,3712.336426,2584.189453,74.618263,0.069544,3706.468994,2580.10498,74.382584,0.029941,10
32,31,15.437025,30.213911,0.000019,0.000027,0.069647,2628.5,3715.131348,2582.397217,74.92128,0.069534,3709.07959,2578.190674,74.677391,0.032569,10
33,32,15.437025,30.213911,0.000019,0.000027,0.069641,2628.5,3719.527588,2582.142578,75.26664,0.069524,3713.303467,2577.821777,75.014954,0.034878,10
34,33,15.437025,30.213911,0.000019,0.000027,0.069634,2628.5,3722.351807,2582.661133,75.453873,0.069514,3715.952637,2578.221191,75.194672,0.035878,10
35,34,15.437025,30.213911,0.000019,0.000027,0.069627,2628.5,3726.77124,2580.113525,75.915436,0.069504,3720.193604,2575.559814,75.64769,0.039745,10
36,35,15.437025,30.213911,0.000019,0.000027,0,2628.5,0,0,nan,0.069494,3726.027832,2577.4729,75.991287,nan,10
37,36,15.437025,30.213911,0.000019,0.000027,0,2628.5,0,0,nan,0.069484,3728.705811,2570.249023,76.549423,nan,10
38,37,15.437025,30.213911,0.000019,0.000027,0,2628.5,0,0,nan,0.069474,3732.972656,2569.115723,76.92408,nan,10
39,38,15.437025,30.213911,0.000019,0.000027,0,2628.5,0,0,nan,0.069464,3730.842529,2567.234619,76.856529,nan,10
40,39,15.437025,30.213911,0.000019,0.000027,0,2628.5,0,0,nan,0.069454,3727.097656,2560.804688,76.889069,nan,10
41,40,15.437025,30.213911,0.000019,0.000027,0,2628.5,0,0,nan,0.069444,3724.960693,2558.925781,76.82074,nan,10
42,41,15.437025,30.213911,0.000019,0.000027,0,2628.5,0,0,nan,0.069434,3724.427246,2554.793457,76.979767,nan,10
43,42,15.437025,30.213911,0.000019,0.000027,0,2628.5,0,0,nan,0.069424,3722.295166,2548.425781,77.125504,nan,10
44,43,15.437025,30.213911,0.000019,0.000027,0,2628.5,0,0,nan,0.069415,3716.999756,2539.127197,77.173767,nan,10
45,44,15.437025,30.213911,0.000019,0.000027,0,2628.5,0,0,nan,0.069404,3718.027832,2535.772705,77.406189,nan,10
46,45,15.437025,30.213911,0.000019,0.000027,0,2628.5,0,0,nan,0.069395,3717.507813,2535.418213,77.384529,nan,10
47,46,15.437025,30.213911,0.000019,0.000027,0,2628.5,0,0,nan,0.069385,3716.968262,2523.983887,77.87262,nan,10
48,47,15.437025,30.213911,0.000019,0.000028,0,2628.5,0,0,nan,0.069374,3713.238281,2522.145264,77.684708,nan,10
49,48,15.437025,30.213911,0.000019,0.000028,0,2628.5,0,0,nan,0.069365,3711.131592,2506.484131,78.238487,nan,10
50,49,15.437025,30.213911,0.000019,0.000028,0,2628.5,0,0,nan,0.069355,3705.857422,2504.687744,77.937584,nan,10
51,50,15.437025,30.213911,0.000019,0.000028,0,2628.5,0,0,nan,0.069345,3713.236328,2490.639404,79.085548,nan,10
52,51,15.437025,30.213911,0.000019,0.000028,0,2628.5,0,0,nan,0.069335,3704.770264,2479.595947,78.955872,nan,10
53,52,15.437025,30.213911,0.000019,0.000028,0,2628.5,0,0,nan,0.069325,3702.6604,2474.287354,79.031982,nan,10
54,53,15.437025,30.213911,0.000019,0.000028,0,2628.5,0,0,nan,0.069315,3700.539551,2468.992676,79.105492,nan,10
55,54,15.437025,30.213911,0.000019,0.000028,0,2628.5,0,0,nan,0.069305,3700.010498,2460.226807,79.43499,nan,10
96,0,15.437025,30.213911,0.000019,0.000027,0,2628.5,0,0,nan,0.069651,3625.58252,2552.244629,69.711823,nan,20
97,1,15.437025,30.213911,0.000019,0.000027,0,2628.5,0,0,nan,0.069641,3625.067871,2560.137451,69.253334,nan,20
98,2,15.437025,30.213911,0.000019,0.000027,0,2628.5,0,0,nan,0.069631,3626.069824,2565.815674,69.023979,nan,20
99,3,15.437025,30.213911,0.000019,0.000027,0,2628.5,0,0,nan,0.069621,3628.575684,2571.513428,68.906113,nan,20
100,4,15.437025,30.213911,0.000019,0.000027,0,2628.5,0,0,nan,0.069612,3626.54834,2574.952881,68.561958,nan,20
101,5,15.437025,30.213911,0.000019,0.000027,0,2628.5,0,0,nan,0.069602,3620.011719,2575.358887,68.03627,nan,20
102,6,15.437025,30.213911,0.000019,0.000027,0,2628.5,0,0,nan,0.069592,3633.083252,2578.031494,68.895256,nan,20
103,7,15.437025,30.213911,0.000019,0.000027,0,2628.5,0,0,nan,0.069582,3650.884033,2578.443359,70.23925,nan,20
104,8,15.437025,30.213911,0.000019,0.000027,0,2628.5,0,0,nan,0.069572,3651.874023,2581.12085,70.170372,nan,20
105,9,15.437025,30.213911,0.000019,0.000027,0,2628.5,0,0,nan,0.069562,3659.039795,2583.055664,70.615417,nan,20
106,10,15.437025,30.213911,0.000019,0.000027,0,2628.5,0,0,nan,0.069552,3675.527832,2585.756592,71.733635,nan,20
107,11,15.437025,30.213911,0.000019,0.000027,0,2628.5,0,0,nan,0.069542,3679.661865,2585.38208,72.069664,nan,20
108,12,15.437025,30.213911,0.000019,0.000027,0,2628.5,0,0,nan,0.069532,3690.065186,2590.4021,72.599213,nan,20
109,13,15.437025,30.213911,0.000019,0.000027,0,2628.5,0,0,nan,0.069522,3695.809814,2588.485596,73.139084,nan,20
110,14,15.437025,30.213911,0.000019,0.000027,0,2628.5,0,0,nan,0.069512,3703.158447,2593.525146,73.435867,nan,20
111,15,15.437025,30.213911,0.000019,0.000027,0,2628.5,0,0,nan,0.069502,3710.511719,2593.911865,73.977348,nan,20
112,16,15.437025,30.213911,0.000019,0.000027,0.069591,2628.5,3713.724609,2598.04248,74.006958,0.069491,3708.386963,2594.308105,73.794388,0.02074,20
113,17,15.437025,30.213911,0.000019,0.000027,0.069585,2628.5,3724.501465,2597.795166,74.843285,0.069482,3718.984863,2593.94751,74.621735,0.02631,20
114,18,15.437025,30.213911,0.000019,0.000027,0.069578,2628.5,3727.341309,2599.878662,74.952133,0.069472,3721.640869,2595.902344,74.723061,0.026237,20
115,19,15.437025,30.213911,0.000019,0.000027,0.069572,2628.5,3736.597656,2602.745117,75.510811,0.069462,3730.706543,2598.641602,75.272903,0.02877,20
116,20,15.437025,30.213911,0.000019,0.000027,0.069565,2628.5,3736.248047,2602.501709,75.496681,0.069452,3730.181152,2598.275635,75.251701,0.02877,20
117,21,15.437025,30.213911,0.000019,0.000027,0.069558,2628.5,3747.157227,2601.471436,76.381454,0.069442,3740.881836,2597.114746,76.125832,0.034775,20
118,22,15.437025,30.213911,0.000019,0.000027,0.069551,2628.5,3748.398926,2603.549561,76.37001,0.069432,3741.940918,2599.063965,76.107094,0.033935,20
119,23,15.437025,30.213911,0.000018,0.000027,0.069545,2628.5,3759.407959,2601.756592,77.298897,0.069422,3752.751709,2597.149902,77.025421,0.040391,20
120,24,15.437025,30.213911,0.000019,0.000027,0.069539,2628.5,3752.560791,2602.289551,76.751213,0.069412,3745.735352,2597.556396,76.472267,0.036792,20
121,25,15.437025,30.213911,0.000019,0.000027,0.069532,2628.5,3752.19043,2602.032715,76.736069,0.069402,3745.180908,2597.171875,76.449631,0.036792,20
122,26,15.437025,30.213911,0.000019,0.000027,0.069525,2628.5,3751.8479,2601.016357,76.761559,0.069392,3744.659424,2596.032715,76.467705,0.037326,20
123,27,15.437025,30.213911,0.000019,0.000027,0.069518,2628.5,3748.237061,2601.5354,76.460419,0.069382,3740.862305,2596.416992,76.159828,0.035248,20
124,28,15.437025,30.213911,0.000019,0.000027,0.069512,2628.5,3746.263184,2599.72998,76.402054,0.069372,3738.709717,2594.488281,76.094269,0.035549,20
125,29,15.437025,30.213911,0.000019,0.000027,0.069505,2628.5,3749.13623,2600.258301,76.593765,0.069362,3741.412354,2594.901367,76.278488,0.036557,20
126,30,15.437025,30.213911,0.000019,0.000027,0,2628.5,0,0,nan,0.069352,3737.632324,2590.640381,76.20726,nan,20
127,31,15.437025,30.213911,0.000019,0.000027,0,2628.5,0,0,nan,0.069343,3737.137695,2593.397461,76.030289,nan,20
128,32,15.437025,30.213911,0.000019,0.000027,0,2628.5,0,0,nan,0.069332,3733.350342,2589.904053,75.920067,nan,20
129,33,15.437025,30.213911,0.000019,0.000027,0,2628.5,0,0,nan,0.069322,3731.199707,2587.980225,75.854454,nan,20
130,34,15.437025,30.213911,0.000019,0.000027,0,2628.5,0,0,nan,0.069312,3730.668945,2586.839355,75.871887,nan,20
131,35,15.437025,30.213911,0.000019,0.000027,0,2628.5,0,0,nan,0.069302,3730.115479,2582.600098,76.043167,nan,20
132,36,15.437025,30.213911,0.000019,0.000027,0,2628.5,0,0,nan,0.069292,3727.979736,2580.694092,75.977493,nan,20
133,37,15.437025,30.213911,0.000019,0.000027,0,2628.5,0,0,nan,0.069282,3730.639893,2579.543945,76.235306,nan,20
134,38,15.437025,30.213911,0.000019,0.000027,0,2628.5,0,0,nan,0.069272,3734.935303,2576.873779,76.690666,nan,20
135,39,15.437025,30.213911,0.000019,0.000027,0,2628.5,0,0,nan,0.069262,3737.614502,2575.730957,76.948029,nan,20
136,40,15.437025,30.213911,0.000019,0.000027,0,2628.5,0,0,nan,0.069252,3738.689453,2572.298828,77.196526,nan,20
137,41,15.437025,30.213911,0.000018,0.000027,0,2628.5,0,0,nan,0.069242,3742.997314,2572.689941,77.499825,nan,20
138,42,15.437025,30.213911,0.000018,0.000027,0,2628.5,0,0,nan,0.069231,3745.666992,2568.481201,77.902733,nan,20
139,43,15.437025,30.213911,0.000018,0.000027,0,2628.5,0,0,nan,0.069221,3749.998535,2567.350098,78.279831,nan,20
140,44,15.437025,30.213911,0.000018,0.000027,0,2628.5,0,0,nan,0.069211,3752.710938,2565.458008,78.571915,nan,20
141,45,15.437025,30.213911,0.000018,0.000027,0,2628.5,0,0,nan,0.069201,3755.432373,2563.570801,78.863602,nan,20
142,46,15.437025,30.213911,0.000018,0.000027,0,2628.5,0,0,nan,0.069191,3758.140869,2560.915283,79.189583,nan,20
143,47,15.437025,30.213911,0.000018,0.000027,0,2628.5,0,0,nan,0.069182,3757.631592,2555.272217,79.415443,nan,20
144,48,15.437025,30.213911,0.000018,0.000027,0,2628.5,0,0,nan,0.069172,3763.636475,2547.379883,80.221306,nan,20
157,0,15.437025,30.213911,0.000019,0.000027,0,2628.5,0,0,nan,0.069593,3591.151123,2601.981445,64.231293,nan,30
158,1,15.437025,30.213911,0.000019,0.000027,0,2628.5,0,0,nan,0.069583,3602.56543,2607.871338,64.78466,nan,30
159,2,15.437025,30.213911,0.000019,0.000027,0,2628.5,0,0,nan,0.069573,3608.006348,2609.830566,65.100212,nan,30
160,3,15.437025,30.213911,0.000019,0.000027,0,2628.5,0,0,nan,0.069563,3617.988037,2607.88501,66.010468,nan,30
161,4,15.437025,30.213911,0.000019,0.000027,0,2628.5,0,0,nan,0.069553,3621.999756,2612.218994,66.071053,nan,30
162,5,15.437025,30.213911,0.000019,0.000027,0,2628.5,0,0,nan,0.069543,3627.523926,2614.199707,66.392159,nan,30
163,6,15.437025,30.213911,0.000019,0.000027,0,2628.5,0,0,nan,0.069533,3628.526611,2616.97876,66.306244,nan,30
164,7,15.437025,30.213911,0.000019,0.000027,0,2628.5,0,0,nan,0.069523,3641.677979,2619.750488,67.187622,nan,30
165,8,15.437025,30.213911,0.000019,0.000027,0,2628.5,0,0,nan,0.069513,3648.8125,2617.017334,67.913704,nan,30
166,9,15.437025,30.213911,0.000019,0.000027,0,2628.5,0,0,nan,0.069503,3654.406006,2618.992432,68.240852,nan,30
167,10,15.437025,30.213911,0.000019,0.000027,0,2628.5,0,0,nan,0.069493,3660.02417,2621.766846,68.52372,nan,30
168,11,15.437025,30.213911,0.000019,0.000026,0,2628.5,0,0,nan,0.069483,3667.22168,2622.971924,69.022743,nan,30
169,12,15.437025,30.213911,0.000019,0.000026,0,2628.5,0,0,nan,0.069473,3676.015381,2624.185547,69.646805,nan,30
170,13,15.437025,30.213911,0.000019,0.000026,0.069558,2628.5,3683.652832,2628.205566,70.018715,0.069463,3678.588379,2624.592041,69.826324,-0.018436,30
171,14,15.437025,30.213911,0.000019,0.000026,0.069551,2628.5,3691.105225,2631.921875,70.394112,0.069453,3685.870117,2628.188965,70.19458,-0.017154,30
172,15,15.437025,30.213911,0.000019,0.000026,0.069544,2628.5,3698.585938,2632.45459,70.953934,0.069443,3693.170898,2628.600342,70.74633,-0.013341,30
173,16,15.437025,30.213911,0.000019,0.000026,0.069538,2628.5,3707.691406,2632.99585,71.640236,0.069433,3702.095215,2629.021729,71.424141,-0.008685,30
174,17,15.437025,30.213911,0.000019,0.000026,0.069531,2628.5,3713.658936,2635.128418,71.989578,0.069423,3707.884521,2631.031006,71.765877,-0.007049,30
175,18,15.437025,30.213911,0.000019,0.000026,0.069524,2628.5,3718.067871,2638.875977,72.125763,0.069413,3712.124268,2634.657471,71.895355,-0.007529,30
176,19,15.437025,30.213911,0.000019,0.000026,0.069517,2628.5,3725.671875,2639.41748,72.693871,0.069403,3719.55127,2635.081299,72.455223,-0.003791,30
177,20,15.437025,30.213911,0.000019,0.000026,0.06951,2628.5,3733.310791,2642.369629,73.129776,0.069393,3727.002686,2637.904785,72.882858,-0.001914,30
178,21,15.437025,30.213911,0.000019,0.000026,0.069503,2628.5,3739.349854,2644.508545,73.485619,0.069382,3732.839111,2639.904053,73.229942,-0.000294,30
179,22,15.437025,30.213911,0.000019,0.000026,0.069497,2628.5,3745.45166,2640.244873,74.199921,0.069373,3738.769531,2635.534424,73.935402,0.006137,30
180,23,15.437025,30.213911,0.000018,0.000026,0.06949,2628.5,3756.419678,2645.612793,74.764839,0.069363,3749.557861,2640.780273,74.491936,0.007886,30
181,24,15.437025,30.213911,0.000018,0.000026,0.069483,2628.5,3759.318115,2644.559082,75.049385,0.069353,3752.27832,2639.606934,74.768562,0.010162,30
182,25,15.437025,30.213911,0.000018,0.000026,0.069476,2628.5,3768.728027,2647.518311,75.624817,0.069343,3761.482422,2642.428223,75.33432,0.012831,30
183,26,15.437025,30.213911,0.000018,0.000026,0.069469,2628.5,3773.259766,2647.250977,75.993645,0.069332,3765.817139,2642.029541,75.694145,0.015327,30
184,27,15.437025,30.213911,0.000018,0.000026,0.069463,2628.5,3771.263672,2647.807373,75.807518,0.069323,3763.657715,2642.467285,75.502045,0.013913,30
185,28,15.437025,30.213911,0.000018,0.000026,0.069456,2628.5,3775.802734,2641.900391,76.478943,0.069312,3768.005615,2636.444824,76.163406,0.020435,30
186,29,15.437025,30.213911,0.000018,0.000026,0.069449,2628.5,3778.714844,2644.051758,76.590881,0.069302,3770.740967,2638.472412,76.267967,0.020354,30
187,30,15.437025,30.213911,0.000018,0.000026,0.069442,2628.5,3783.283447,2648.631836,76.702202,0.069292,3775.125732,2642.920654,76.37178,0.019371,30
188,31,15.437025,30.213911,0.000018,0.000026,0.069435,2628.5,3782.918213,2644.341553,76.902664,0.069282,3774.578125,2638.511719,76.563942,0.022232,30
189,32,15.437025,30.213911,0.000018,0.000026,0.069429,2628.5,3782.555176,2643.282471,76.930679,0.069273,3774.060303,2637.346191,76.585526,0.022801,30
190,33,15.437025,30.213911,0.000018,0.000026,0.069422,2628.5,3787.124268,2642.210693,77.3424,0.069263,3778.443848,2636.154297,76.988274,0.025795,30
191,34,15.437025,30.213911,0.000018,0.000026,0,2628.5,0,0,nan,0.069252,3782.831055,2637.366211,77.264381,nan,30
192,35,15.437025,30.213911,0.000018,0.000026,0,2628.5,0,0,nan,0.069242,3782.300293,2634.588379,77.368805,nan,30
193,36,15.437025,30.213911,0.000018,0.000026,0,2628.5,0,0,nan,0.069233,3786.728516,2643.064453,77.266609,nan,30
194,37,15.437025,30.213911,0.000018,0.000026,0,2628.5,0,0,nan,0.069223,3789.500732,2640.265625,77.628998,nan,30
195,38,15.437025,30.213911,0.000018,0.000026,0,2628.5,0,0,nan,0.069213,3779.023926,2635.060303,77.09066,nan,30
196,39,15.437025,30.213911,0.000018,0.000026,0,2628.5,0,0,nan,0.069203,3785.088623,2631.471924,77.746269,nan,30
197,40,15.437025,30.213911,0.000018,0.000026,0,2628.5,0,0,nan,0.069193,3781.231201,2631.891113,77.426903,nan,30
198,41,15.437025,30.213911,0.000018,0.000026,0,2628.5,0,0,nan,0.069183,3787.312988,2633.117188,77.83255,nan,30
199,42,15.437025,30.213911,0.000018,0.000026,0,2628.5,0,0,nan,0.069172,3775.161865,2627.914307,77.165665,nan,30
200,43,15.437025,30.213911,0.000018,0.000026,0,2628.5,0,0,nan,0.069163,3771.352295,2628.35376,76.848969,nan,30
201,44,15.437025,30.213911,0.000018,0.000026,0,2628.5,0,0,nan,0.069153,3772.448975,2629.570313,76.870033,nan,30
202,45,15.437025,30.213911,0.000018,0.000026,0,2628.5,0,0,nan,0.069143,3771.907715,2626.79541,76.973076,nan,30
203,46,15.437025,30.213911,0.000018,0.000026,0,2628.5,0,0,nan,0.069132,3769.70166,2622.419678,77.030426,nan,30
204,47,15.437025,30.213911,0.000018,0.000026,0,2628.5,0,0,nan,0.069123,3764.24292,2622.845703,76.588348,nan,30
205,48,15.437025,30.213911,0.000018,0.000026,0,2628.5,0,0,nan,0.069113,3763.693604,2616.901855,76.854164,nan,30
206,49,15.437025,30.213911,0.000018,0.000026,0,2628.5,0,0,nan,0.069103,3761.530029,2618.123291,76.625031,nan,30
207,50,15.437025,30.213911,0.000018,0.000026,0,2628.5,0,0,nan,0.069093,3760.966309,2612.979248,76.847023,nan,30
208,51,15.437025,30.213911,0.000018,0.000026,0,2628.5,0,0,nan,0.069083,3758.794922,2611.817383,76.740524,nan,30
209,52,15.437025,30.213911,0.000018,0.000026,0,2628.5,0,0,nan,0.069073,3754.975586,2609.067139,76.589592,nan,30
210,53,15.437025,30.213911,0.000018,0.000026,0,2628.5,0,0,nan,0.069063,3761.000977,2609.496582,77.027878,nan,30
211,54,15.437025,30.213911,0.000018,0.000027,0,2628.5,0,0,nan,0.069053,3752.271729,2603.601563,76.662506,nan,30
212,55,15.437025,30.213911,0.000018,0.000027,0,2628.5,0,0,nan,0.069043,3748.450684,2599.292236,76.590637,nan,30
213,56,15.437025,30.213911,0.000018,0.000027,0,2628.5,0,0,nan,0.069033,3749.538086,2595.789551,76.850128,nan,30
214,57,15.437025,30.213911,0.000018,0.000027,0,2628.5,0,0,nan,0.069023,3745.764893,2589.977051,76.855972,nan,30
215,58,15.437025,30.213911,0.000018,0.000027,0,2628.5,0,0,nan,0.069013,3741.943115,2584.150879,76.857735,nan,30
231,0,15.437025,30.213911,0.000019,0.000027,0,2628.5,0,0,nan,0.069516,3618.563477,2617.907227,65.455078,nan,40
232,1,15.437025,30.213911,0.000019,0.000026,0,2628.5,0,0,nan,0.069508,3627.203857,2625.51123,65.685753,nan,40
233,2,15.437025,30.213911,0.000019,0.000026,0,2628.5,0,0,nan,0.069498,3632.751465,2626.723145,66.05735,nan,40
234,3,15.437025,30.213911,0.000019,0.000026,0,2628.5,0,0,nan,0.069488,3638.297363,2629.513184,66.333206,nan,40
235,4,15.437025,30.213911,0.000019,0.000026,0,2628.5,0,0,nan,0.069478,3643.899902,2634.73291,66.466537,nan,40
236,5,15.437025,30.213911,0.000019,0.000026,0,2628.5,0,0,nan,0.069468,3654.123291,2633.566406,67.357544,nan,40
237,6,15.437025,30.213911,0.000019,0.000026,0,2628.5,0,0,nan,0.069458,3661.28125,2636.371338,67.762733,nan,40
238,7,15.437025,30.213911,0.000019,0.000026,0,2628.5,0,0,nan,0.069448,3665.406982,2634.403076,68.209663,nan,40
239,8,15.437025,30.213911,0.000019,0.000026,0,2628.5,0,0,nan,0.069438,3669.495361,2634.000732,68.559433,nan,40
240,9,15.437025,30.213911,0.000019,0.000026,0,2628.5,0,0,nan,0.069428,3676.732666,2638.421387,68.875824,nan,40
241,10,15.437025,30.213911,0.000019,0.000026,0,2628.5,0,0,nan,0.069418,3680.885254,2643.669922,68.897293,nan,40
242,11,15.437025,30.213911,0.000019,0.000026,0,2628.5,0,0,nan,0.069408,3681.943848,2640.894775,69.145859,nan,40
243,12,15.437025,30.213911,0.000019,0.000026,0,2628.5,0,0,nan,0.069398,3689.217773,2645.328369,69.465538,nan,40
244,13,15.437025,30.213911,0.000019,0.000026,0,2628.5,0,0,nan,0.069388,3691.850586,2647.386475,69.55468,nan,40
245,14,15.437025,30.213911,0.000019,0.000026,0.069488,2628.5,3703.473145,2650.390381,70.307014,0.069378,3697.61084,2646.195068,70.08461,-0.024915,40
246,15,15.437025,30.213911,0.000019,0.000026,0.069481,2628.5,3706.26416,2654.175781,70.30809,0.069368,3700.230225,2649.854492,70.079353,-0.026369,40
247,16,15.437025,30.213911,0.000019,0.000026,0.069474,2628.5,3710.635742,2651.4729,70.815468,0.069358,3704.425537,2647.035156,70.578644,-0.021652,40
248,17,15.437025,30.213911,0.000019,0.000026,0.069467,2628.5,3718.215576,2652.023682,71.387474,0.069348,3711.83374,2647.47168,71.142632,-0.017766,40
249,18,15.437025,30.213911,0.000019,0.000026,0.06946,2628.5,3719.427979,2654.183838,71.359085,0.069338,3712.863281,2649.499512,71.107399,-0.018797,40
250,19,15.437025,30.213911,0.000019,0.000026,0.069454,2628.5,3720.670654,2653.932861,71.472633,0.069328,3713.946777,2649.136719,71.214546,-0.017892,40
251,20,15.437025,30.213911,0.000019,0.000026,0.069447,2628.5,3726.6875,2656.916992,71.779617,0.069318,3719.780518,2651.992676,71.513802,-0.016856,40
252,21,15.437025,30.213911,0.000019,0.000026,0.06944,2628.5,3734.331299,2656.651611,72.403389,0.069308,3727.250977,2651.614502,72.129097,-0.012368,40
253,22,15.437025,30.213911,0.000019,0.000026,0.069433,2628.5,3733.975098,2657.211426,72.342987,0.069298,3726.730469,2652.055908,72.062538,-0.013004,40
254,23,15.437025,30.213911,0.000019,0.000026,0.069426,2628.5,3741.635742,2663.458984,72.59436,0.069288,3734.202148,2658.167236,72.306206,-0.013625,40
255,24,15.437025,30.213911,0.000019,0.000026,0.069419,2628.5,3747.74292,2659.940186,73.281525,0.069278,3740.130615,2654.537354,72.984138,-0.007531,40
256,25,15.437025,30.213911,0.000019,0.000026,0.069412,2628.5,3748.970459,2660.477783,73.348488,0.069268,3741.185303,2654.953125,73.044159,-0.007275,40
257,26,15.437025,30.213911,0.000018,0.000026,0.069405,2628.5,3753.47876,2661.040039,73.674492,0.069258,3745.519775,2655.397461,73.362381,-0.005256,40
258,27,15.437025,30.213911,0.000018,0.000026,0.069398,2628.5,3761.2229,2663.212158,74.166237,0.069248,3753.075684,2657.443604,73.845268,-0.002736,40
259,28,15.437025,30.213911,0.000018,0.000026,0.069391,2628.5,3762.486084,2660.501221,74.418457,0.069238,3754.167969,2654.619629,74.08976,-0.000016,40
260,29,15.437025,30.213911,0.000018,0.000026,0.069384,2628.5,3768.64502,2663.500732,74.738159,0.069228,3760.147217,2657.494873,74.401489,0.001,40
261,30,15.437025,30.213911,0.000018,0.000026,0.069378,2628.5,3771.554443,2664.877197,74.891602,0.069218,3762.881348,2658.749268,74.547546,0.001508,40
262,31,15.437025,30.213911,0.000018,0.000026,0.069371,2628.5,3776.097656,2658.887207,75.582367,0.069208,3767.241699,2652.651367,75.228256,0.008315,40
263,32,15.437025,30.213911,0.000018,0.000026,0.069364,2628.5,3775.728516,2661.075195,75.432693,0.069198,3766.693359,2654.707275,75.072113,0.006515,40
264,33,15.437025,30.213911,0.000018,0.000026,0.069357,2628.5,3781.952637,2660.002197,75.982109,0.069188,3772.743408,2653.524902,75.612518,0.010511,40
265,34,15.437025,30.213911,0.000018,0.000026,0.06935,2628.5,3779.916992,2661.362793,75.747101,0.069178,3770.54834,2654.766602,75.372078,0.008471,40
266,35,15.437025,30.213911,0.000018,0.000026,0.069343,2628.5,3779.538086,2661.096191,75.731903,0.069168,3770.006592,2654.385254,75.35041,0.008471,40
267,36,15.437025,30.213911,0.000018,0.000026,0.069336,2628.5,3779.150391,2663.276367,75.581116,0.069158,3769.439697,2656.433105,75.193192,0.00667,40
268,37,15.437025,30.213911,0.000018,0.000026,0.069329,2628.5,3785.393555,2659.75415,76.266327,0.069148,3775.500977,2652.803223,75.868225,0.012448,40
269,38,15.437025,30.213911,0.000018,0.000026,0.069322,2628.5,3786.668945,2659.488525,76.38105,0.069138,3776.598633,2652.415771,75.975334,0.013288,40
270,39,15.437025,30.213911,0.000018,0.000026,0.069316,2628.5,3786.297607,2661.678223,76.232361,0.069128,3776.058594,2654.480225,75.820625,0.011514,40
271,40,15.437025,30.213911,0.000018,0.000026,0.069309,2628.5,3787.583984,2662.236572,76.303085,0.069118,3777.177979,2654.922363,75.884392,0.011765,40
272,41,15.437025,30.213911,0.000018,0.000026,0,2628.5,0,0,nan,0.069108,3774.970215,2652.900391,75.82132,nan,40
273,42,15.437025,30.213911,0.000018,0.000026,0,2628.5,0,0,nan,0.069098,3782.677246,2647.629395,76.708565,nan,40
274,43,15.437025,30.213911,0.000018,0.000026,0,2628.5,0,0,nan,0.069088,3782.144775,2653.764893,76.336784,nan,40
275,44,15.437025,30.213911,0.000018,0.000026,0,2628.5,0,0,nan,0.069078,3781.599121,2649.311279,76.534248,nan,40
276,45,15.437025,30.213911,0.000018,0.000026,0,2628.5,0,0,nan,0.069068,3784.367676,2645.681152,76.944244,nan,40
277,46,15.437025,30.213911,0.000018,0.000026,0,2628.5,0,0,nan,0.069059,3787.145996,2646.113525,77.137566,nan,40
278,47,15.437025,30.213911,0.000018,0.000026,0,2628.5,0,0,nan,0.069048,3794.906006,2644.908203,77.804558,nan,40
279,48,15.437025,30.213911,0.000018,0.000026,0,2628.5,0,0,nan,0.069039,3791.038818,2642.917236,77.609047,nan,40
280,49,15.437025,30.213911,0.000018,0.000026,0,2628.5,0,0,nan,0.069028,3788.81958,2641.721436,77.499741,nan,40
281,50,15.437025,30.213911,0.000018,0.000026,0,2628.5,0,0,nan,0.069018,3783.281494,2643.762695,76.961678,nan,40
282,51,15.437025,30.213911,0.000018,0.000026,0,2628.5,0,0,nan,0.069009,3799.4104,2640.963135,78.359932,nan,40
283,52,15.437025,30.213911,0.000018,0.000026,0,2628.5,0,0,nan,0.068999,3785.522949,2641.390137,77.261368,nan,40
284,53,15.437025,30.213911,0.000018,0.000026,0,2628.5,0,0,nan,0.068989,3786.637451,2638.583984,77.495316,nan,40
285,54,15.437025,30.213911,0.000018,0.000026,0,2628.5,0,0,nan,0.068979,3786.083008,2637.390625,77.514877,nan,40
286,55,15.437025,30.213911,0.000018,0.000026,0,2628.5,0,0,nan,0.068969,3785.5354,2635.397217,77.576675,nan,40
287,56,15.437025,30.213911,0.000018,0.000026,0,2628.5,0,0,nan,0.068959,3784.994873,2632.606689,77.680168,nan,40
288,57,15.437025,30.213911,0.000018,0.000026,0,2628.5,0,0,nan,0.068949,3787.769531,2634.636719,77.788895,nan,40
289,58,15.437025,30.213911,0.000018,0.000026,0,2628.5,0,0,nan,0.068939,3783.899658,2630.238037,77.718529,nan,40
290,59,15.437025,30.213911,0.000018,0.000026,0,2628.5,0,0,nan,0.068929,3781.694824,2625.052002,77.816383,nan,40
291,60,15.437025,30.213911,0.000018,0.000026,0,2628.5,0,0,nan,0.068918,3784.443848,2628.658936,77.842049,nan,40
292,61,15.437025,30.213911,0.000018,0.000026,0,2628.5,0,0,nan,0.068908,3782.23291,2626.674316,77.774261,nan,40
293,62,15.437025,30.213911,0.000018,0.000026,0,2628.5,0,0,nan,0.068898,3780.027832,2617.515137,78.073685,nan,40
294,63,15.437025,30.213911,0.000018,0.000026,0,2628.5,0,0,nan,0.068889,3781.155762,2613.969727,78.339249,nan,40
295,64,15.437025,30.213911,0.000018,0.000026,0,2628.5,0,0,nan,0.068879,3782.257813,2614.377197,78.402786,nan,40
296,65,15.437025,30.213911,0.000018,0.000026,0,2628.5,0,0,nan,0.068869,3785.039795,2608.456543,78.911011,nan,40
297,66,15.437025,30.213911,0.000018,0.000026,0,2628.5,0,0,nan,0.068859,3781.177002,2607.295898,78.675331,nan,40
313,1,15.437025,30.213911,0.000019,0.000026,0,2628.5,0,0,nan,0.069436,3614.369873,2627.538818,64.526817,nan,50
314,2,15.437025,30.213911,0.000019,0.000026,0,2628.5,0,0,nan,0.069425,3622.893311,2631.934814,64.943413,nan,50
315,3,15.437025,30.213911,0.000019,0.000026,0,2628.5,0,0,nan,0.069415,3625.394043,2637.151611,64.821259,nan,50
316,4,15.437025,30.213911,0.000019,0.000026,0,2628.5,0,0,nan,0.069406,3630.961914,2639.193848,65.145996,nan,50
317,5,15.437025,30.213911,0.000019,0.000026,0,2628.5,0,0,nan,0.069396,3630.432373,2639.611816,65.076889,nan,50
318,6,15.437025,30.213911,0.000019,0.000026,0,2628.5,0,0,nan,0.069385,3634.465332,2640.029053,65.378403,nan,50
319,7,15.437025,30.213911,0.000019,0.000026,0,2628.5,0,0,nan,0.069376,3646.169434,2638.848877,66.398338,nan,50
320,8,15.437025,30.213911,0.000019,0.000026,0,2628.5,0,0,nan,0.069366,3654.862549,2643.293457,66.828362,nan,50
321,9,15.437025,30.213911,0.000019,0.000026,0,2628.5,0,0,nan,0.069356,3657.421875,2650.996338,66.562119,nan,50
322,10,15.437025,30.213911,0.000019,0.000026,0,2628.5,0,0,nan,0.069346,3661.527344,2651.423828,66.869049,nan,50
323,11,15.437025,30.213911,0.000019,0.000026,0,2628.5,0,0,nan,0.069336,3667.195313,2647.801758,67.549286,nan,50
324,12,15.437025,30.213911,0.000019,0.000026,0,2628.5,0,0,nan,0.069325,3679.108643,2651.461426,68.288582,nan,50
325,13,15.437025,30.213911,0.000019,0.000026,0,2628.5,0,0,nan,0.069315,3680.137695,2648.64624,68.54071,nan,50
326,14,15.437025,30.213911,0.000019,0.000026,0,2628.5,0,0,nan,0.069305,3684.304932,2653.132324,68.606682,nan,50
327,15,15.437025,30.213911,0.000019,0.000026,0,2628.5,0,0,nan,0.069296,3688.498291,2648.707764,69.208115,nan,50
328,16,15.437025,30.213911,0.000019,0.000026,0,2628.5,0,0,nan,0.069286,3697.403564,2651.5625,69.752609,nan,50
329,17,15.437025,30.213911,0.000019,0.000026,0,2628.5,0,0,nan,0.069275,3701.591797,2651.977539,70.063454,nan,50
330,18,15.437025,30.213911,0.000019,0.000026,0.069399,2628.5,3712.956055,2658.336426,70.599388,0.069265,3705.823975,2653.230225,70.328423,-0.025856,50
331,19,15.437025,30.213911,0.000019,0.000026,0.069392,2628.5,3718.951172,2659.700195,70.999619,0.069256,3711.645508,2654.475342,70.720947,-0.023489,50
332,20,15.437025,30.213911,0.000019,0.000026,0.069385,2628.5,3726.570068,2661.884277,71.48188,0.069246,3719.092041,2656.542725,71.19529,-0.020872,50
333,21,15.437025,30.213911,0.000019,0.000026,0.069378,2628.5,3729.391113,2664.062744,71.580612,0.069235,3721.743164,2658.599609,71.287315,-0.021003,50
334,22,15.437025,30.213911,0.000019,0.000026,0.069371,2628.5,3733.829346,2663.79248,71.951584,0.069225,3726.007324,2658.212158,71.650429,-0.018267,50
335,23,15.437025,30.213911,0.000019,0.000026,0.069364,2628.5,3735.069824,2663.530029,72.065987,0.069216,3727.083252,2657.834717,71.758125,-0.017359,50
336,24,15.437025,30.213911,0.000019,0.000026,0.069357,2628.5,3736.310547,2664.085449,72.132965,0.069206,3728.149658,2658.266357,71.818214,-0.017099,50
337,25,15.437025,30.213911,0.000019,0.000026,0.06935,2628.5,3737.54248,2666.273193,72.104538,0.069196,3729.217041,2660.333984,71.783676,-0.018134,50
338,26,15.437025,30.213911,0.000019,0.000026,0.069343,2628.5,3740.395264,2666.007324,72.34819,0.069186,3731.899658,2659.952148,72.019905,-0.016318,50
339,27,15.437025,30.213911,0.000019,0.000026,0.069336,2628.5,3736.79248,2662.462402,72.26535,0.069176,3728.137939,2656.296143,71.930992,-0.015549,50
340,28,15.437025,30.213911,0.000019,0.000026,0.069329,2628.5,3739.62915,2667.92334,72.175682,0.069165,3730.808105,2661.630371,71.835579,-0.018261,50
341,29,15.437025,30.213911,0.000019,0.000026,0.069322,2628.5,3744.108887,2668.483154,72.501839,0.069156,3735.115479,2662.073242,72.153961,-0.016184,50
342,30,15.437025,30.213911,0.000019,0.000026,0.069315,2628.5,3745.369629,2667.406494,72.664948,0.069146,3736.207275,2660.881104,72.30986,-0.014634,50
343,31,15.437025,30.213911,0.000018,0.000026,0.069308,2628.5,3746.612793,2667.959717,72.732368,0.069136,3737.279297,2661.313232,72.370445,-0.014374,50
344,32,15.437025,30.213911,0.000018,0.000026,0.069302,2628.5,3746.247559,2666.878418,72.765556,0.069126,3736.750488,2660.117676,72.397087,-0.013732,50
345,33,15.437025,30.213911,0.000018,0.000026,0.069295,2628.5,3750.734619,2670.719482,72.902626,0.069116,3741.057617,2663.828857,72.526932,-0.014237,50
346,34,15.437025,30.213911,0.000018,0.000026,0.069288,2628.5,3750.354736,2667.981445,73.03006,0.069106,3740.511475,2660.979004,72.647209,-0.012314,50
347,35,15.437025,30.213911,0.000018,0.000026,0.069281,2628.5,3753.221191,2666.886475,73.321526,0.069096,3743.202637,2659.767822,72.930603,-0.009886,50
348,36,15.437025,30.213911,0.000018,0.000026,0.069274,2628.5,3757.737061,2665.803223,73.742844,0.069086,3747.54834,2658.574951,73.343506,-0.006589,50
349,37,15.437025,30.213911,0.000018,0.000026,0.069267,2628.5,3754.108398,2672.945801,73.044006,0.069076,3743.769287,2665.584473,72.642212,-0.0141,50
350,38,15.437025,30.213911,0.000018,0.000026,0.06926,2628.5,3756.991455,2669.382813,73.479362,0.069066,3746.470947,2661.907959,73.068413,-0.009745,50
351,39,15.437025,30.213911,0.000018,0.000026,0.069253,2628.5,3761.509033,2668.290527,73.901688,0.069056,3750.811523,2660.702148,73.481934,-0.006444,50
352,40,15.437025,30.213911,0.000018,0.000026,0.069246,2628.5,3757.857178,2668.016602,73.626434,0.069046,3746.995361,2660.304932,73.201424,-0.00822,50
353,41,15.437025,30.213911,0.000018,0.000026,0.069239,2628.5,3760.736084,2666.920166,73.917992,0.069036,3749.702393,2659.095703,73.484886,-0.005817,50
354,42,15.437025,30.213911,0.000018,0.000026,0.069232,2628.5,3760.368896,2667.481934,73.85688,0.069026,3749.181885,2659.546143,73.418098,-0.006445,50
355,43,15.437025,30.213911,0.000018,0.000026,0.069225,2628.5,3761.638916,2668.045166,73.925964,0.069016,3750.278564,2659.987793,73.480103,-0.006187,50
356,44,15.437025,30.213911,0.000018,0.000026,0,2628.5,0,0,nan,0.069006,3754.628174,2657.14209,73.985008,nan,50
357,45,15.437025,30.213911,0.000018,0.000026,0,2628.5,0,0,nan,0.068996,3752.443359,2657.570313,73.788101,nan,50
358,46,15.437025,30.213911,0.000018,0.000026,0,2628.5,0,0,nan,0.068986,3755.165283,2657.184082,74.025131,nan,50
359,47,15.437025,30.213911,0.000018,0.000026,0,2628.5,0,0,nan,0.068976,3756.262451,2657.621826,74.087364,nan,50
360,48,15.437025,30.213911,0.000018,0.000026,0,2628.5,0,0,nan,0.068966,3757.351563,2656.415039,74.240921,nan,50
361,49,15.437025,30.213911,0.000018,0.000026,0,2628.5,0,0,nan,0.068956,3758.446045,2656.849365,74.303131,nan,50
362,50,15.437025,30.213911,0.000018,0.000026,0,2628.5,0,0,nan,0.068946,3762.829346,2655.650146,74.715691,nan,50
363,51,15.437025,30.213911,0.000018,0.000026,0,2628.5,0,0,nan,0.068936,3763.923828,2653.627686,74.913696,nan,50
364,52,15.437025,30.213911,0.000018,0.000026,0,2628.5,0,0,nan,0.068926,3761.727295,2667.026367,73.990807,nan,50
365,53,15.437025,30.213911,0.000018,0.000026,0,2628.5,0,0,nan,0.068916,3766.13623,2651.234375,75.219116,nan,50
366,54,15.437025,30.213911,0.000018,0.000026,0,2628.5,0,0,nan,0.068906,3772.166748,2650.020752,75.758179,nan,50
367,55,15.437025,30.213911,0.000018,0.000026,0,2628.5,0,0,nan,0.068896,3769.970703,2650.453369,75.562576,nan,50
368,56,15.437025,30.213911,0.000018,0.000026,0,2628.5,0,0,nan,0.068886,3769.422363,2646.80957,75.717545,nan,50
369,57,15.437025,30.213911,0.000018,0.000026,0,2628.5,0,0,nan,0.068876,3767.237061,2646.432861,75.567062,nan,50
370,58,15.437025,30.213911,0.000018,0.000026,0,2628.5,0,0,nan,0.068866,3766.678467,2645.227539,75.588692,nan,50
371,59,15.437025,30.213911,0.000018,0.000026,0,2628.5,0,0,nan,0.068856,3766.135986,2645.659424,75.522888,nan,50
372,60,15.437025,30.213911,0.000018,0.000026,0,2628.5,0,0,nan,0.068846,3773.862305,2644.474365,76.190117,nan,50
373,61,15.437025,30.213911,0.000018,0.000026,0,2628.5,0,0,nan,0.068836,3769.995117,2642.457275,75.996887,nan,50
374,62,15.437025,30.213911,0.000018,0.000026,0,2628.5,0,0,nan,0.068826,3772.740479,2642.063965,76.231842,nan,50
375,63,15.437025,30.213911,0.000018,0.000026,0,2628.5,0,0,nan,0.068816,3775.520752,2641.692139,76.468102,nan,50
376,64,15.437025,30.213911,0.000018,0.000026,0,2628.5,0,0,nan,0.068806,3776.619629,2644.550293,76.401009,nan,50
377,65,15.437025,30.213911,0.000018,0.000026,0,2628.5,0,0,nan,0.068797,3776.090332,2636.882568,76.767502,nan,50
378,66,15.437025,30.213911,0.000018,0.000026,0,2628.5,0,0,nan,0.068787,3777.205811,2636.503418,76.87397,nan,50
379,67,15.437025,30.213911,0.000018,0.000026,0,2628.5,0,0,nan,0.068776,3779.960693,2632.878174,77.277328,nan,50
380,68,15.437025,30.213911,0.000018,0.000026,0,2628.5,0,0,nan,0.068766,3774.442871,2629.281982,77.038986,nan,50
381,69,15.437025,30.213911,0.000018,0.000026,0,2628.5,0,0,nan,0.068756,3782.194336,2628.093506,77.698082,nan,50
382,70,15.437025,30.213911,0.000018,0.000026,0,2628.5,0,0,nan,0.068746,3779.978516,2624.499756,77.712914,nan,50
383,71,15.437025,30.213911,0.000018,0.000026,0,2628.5,0,0,nan,0.068736,3781.088379,2621.713135,77.940987,nan,50
384,72,15.437025,30.213911,0.000018,0.000026,0,2628.5,0,0,nan,0.068727,3780.553467,2619.743652,78.000526,nan,50
385,73,15.437025,30.213911,0.000018,0.000026,0,2628.5,0,0,nan,0.068717,3773.355957,2616.167725,77.631912,nan,50
386,74,15.437025,30.213911,0.000018,0.000026,0,2628.5,0,0,nan,0.068706,3772.802002,2611.806152,77.811218,nan,50
387,75,15.437025,30.213911,0.000018,0.000026,0,2628.5,0,0,nan,0.068696,3770.572998,2605.862305,77.941101,nan,50
388,76,15.437025,30.213911,0.000018,0.000026,0,2628.5,0,0,nan,0.068687,3763.451904,2607.091309,77.33709,nan,50
389,77,15.437025,30.213911,0.000018,0.000026,0,2628.5,0,0,nan,0.068677,3766.200195,2599.603516,77.922264,nan,50
390,78,15.437025,30.213911,0.000018,0.000026,0,2628.5,0,0,nan,0.068666,3763.994873,2593.723145,78.04734,nan,50
391,79,15.437025,30.213911,0.000018,0.000027,0,2628.5,0,0,nan,0.068657,3770.069824,2587.878662,78.791809,nan,50
392,80,15.437025,30.213911,0.000018,0.000027,0,2628.5,0,0,nan,0.068647,3766.208252,2587.499023,78.51989,nan,50
393,81,15.437025,30.213911,0.000018,0.000027,0,2628.5,0,0,nan,0.068636,3752.466309,2577.008057,77.998932,nan,50
394,82,15.437025,30.213911,0.000018,0.000027,0,2628.5,0,0,nan,0.068626,3753.567383,2578.960938,77.986557,nan,50
395,83,15.437025,30.213911,0.000018,0.000027,0,2628.5,0,0,nan,0.068616,3754.657471,2570.852051,78.459496,nan,50
396,84,15.437025,30.213911,0.000018,0.000027,0,2628.5,0,0,nan,0.068607,3754.124512,2564.338379,78.730125,nan,50
397,85,15.437025,30.213911,0.000018,0.000027,0,2628.5,0,0,nan,0.068597,3748.661377,2560.905762,78.487,nan,50
398,86,15.437025,30.213911,0.000018,0.000027,0,2628.5,0,0,nan,0.068587,3741.564697,2555.186035,78.231255,nan,50
399,87,15.437025,30.213911,0.000018,0.000027,0,2628.5,0,0,nan,0.068577,3744.30127,2548.74585,78.735138,nan,50
400,88,15.437025,30.213911,0.000018,0.000027,0,2628.5,0,0,nan,0.068567,3738.844238,2542.319092,78.631508,nan,50
401,89,15.437025,30.213911,0.000018,0.000027,0,2628.5,0,0,nan,0.068556,3741.553955,2538.929443,78.986519,nan,50
402,90,15.437025,30.213911,0.000018,0.000027,0,2628.5,0,0,nan,0.068547,3737.759033,2531.818115,79.03334,nan,50
403,91,15.437025,30.213911,0.000018,0.000027,0,2628.5,0,0,nan,0.068537,3733.963867,2526.228516,79.009621,nan,50
404,92,15.437025,30.213911,0.000018,0.000027,0,2628.5,0,0,nan,0.068526,3733.388916,2514.716553,79.48275,nan,50
405,93,15.437025,30.213911,0.000018,0.000027,0,2628.5,0,0,nan,0.068517,3727.994629,2512.891113,79.173134,nan,50
406,94,15.437025,30.213911,0.000018,0.000027,0,2628.5,0,0,nan,0.068506,3730.669678,2507.355713,79.610603,nan,50
407,95,15.437025,30.213911,0.000018,0.000027,0,2628.5,0,0,nan,0.068497,3730.150635,2498.958008,79.938896,nan,50
408,96,15.437025,30.213911,0.000018,0.000027,0,2628.5,0,0,nan,0.068486,3724.7229,2492.762695,79.816681,nan,50
